0,thumbs2.ebaystatic.com.
1,mountaineerpublishing.com.
2,www.mediafire.com.
3,s-static.ak.fbcdn.net.
4,lachicabionica.com.
5,www.freemarket.com.
6,sip.hotmail.com.
7,www.cangrejas.com.
8,google.com.
9,cache.defamer.com.
10,developers.facebook.com.
11,www.eucarvet.eu.
12,mail.mobilni-telefony.biz.
13,microsoft-powerpoint-2010.softonic.it.
14,profile.ak.fbcdn.net.
15,www.zunescene.mobi.
16,ads.smowtion.com.
17,196.127.197.94.in-addr.arpa.
18,armandi.ru.
19,solofarandulaperu.blogspot.com.
20,m.addthisedge.com.
21,ssl.google-analytics.com.
22,243.35.149.83.in-addr.arpa.
23,105.138.138.201.in-addr.arpa.
24,www.reuters.com.
25,mail.sodoit.com.
26,www.download.windowsupdate.com.
27,resquare.ca.
28,photos-e.ak.fbcdn.net.
29,csi.gstatic.com.
30,www.darty.lu.
31,6138.7370686f746f73.616b.666263646e.6e6574.80h3f617b3a.webcfs00.com.
32,frycomm.com.s9b2.psmtp.com.
33,www.apple.com.
34,www.haacked.com.
35,www.jujiaow.com.
36,170.44.153.187.in-addr.arpa.
37,a1007.w43.akamai.net.
38,api.facebook.com.
39,dns.msftncsi.com.
40,sageinc.com.
41,a.root-servers.net.
42,photos-a.ak.fbcdn.net.
43,a995.mm1.akamai.net.
44,api.twitter.com.
45,pub.reggaefrance.com.
46,an.d.chango.com.
47,mogesa.com.mx.
48,0.11-a3092481.20483.1518.18a4.3ea1.410.0.ezg6u89nikkw32n9ssr1pcd8ei.avqs.mcafee.com.
49,www.gossiponthis.com.
50,www.asil.com.ar.
51,mail.mastertex.com.
52,www.foxsportsla.com.
53,picture.immobilienscout24.de.
54,138.191.114.187.in-addr.arpa.
55,71.209.110.187.in-addr.arpa.
56,education.idoneos.com.
57,photos-c.ak.fbcdn.net.
58,kepco.co.kr.
59,i2.ytimg.com.
60,202.160.142.190.in-addr.arpa.
61,blogparts.okwave.jp.
62,3.254.244.201.in-addr.arpa.
63,edge.quantserve.com.
64,a6.sphotos.ak.fbcdn.net.
65,hi-in.facebook.com.
66,cjqxdgoea.q61b6c1l.
67,google.com.mx.
68,233.252.0.201.in-addr.arpa.
69,local-bay.contacts.msn.com.
70,www.facebook.com.
71,creative.ak.fbcdn.net.
72,ad.afy11.net.
73,es-es.facebook.com.
74,175.130.35.186.in-addr.arpa.
75,ares.jsc.nasa.gov.
76,madewithluv.com.
77,252.0.168.192.in-addr.arpa.
78,iztvkxdza.z57y1u5n.
79,quakerfabric.com.
80,s306.videobb.com.
81,washeen91.writingjob.hop.clickbank.net.
82,155.56.250.190.in-addr.arpa.
83,1.0.0.127.in-addr.arpa.
84,iguanas.mex.tl.
85,habbo.com.mx.
86,www.gossipsauce.com.
87,251.206.15.201.in-addr.arpa.
88,trk.paid-surveys-at-home.com.
89,a7.sphotos.ak.fbcdn.net.
90,andrewsullivan.com.
91,i499.photobucket.com.
92,www.hotelelreymoro.com.
93,www.microsoft.com.
94,www.gonelocal.com.
95,rad.msn.com.
96,tienda.imperioh2.cl.
97,img.apnanalytics.com.
98,apps.facebook.com.
99,www.shareyouritems.com.
100,yog34.games.ac4.yahoo.com.
101,www.man-engines.com.
102,translate.google.com.mx.
103,aoqrf2:by.v75i0e0a.
104,26.250.168.189.in-addr.arpa.
105,_156_03_7.
106,sbsio.coast.ru.
107,nothirst.com.
108,64.193.75.85.in-addr.arpa.
109,asktoolbar.weather.com.
110,160.204.126.216.in-addr.arpa.
111,img.youtube.com.
112,cn.pool.ntp.org.
113,s1.wp.com.
114,tcpl.ca.
115,3d.angrybirds.name.
116,s.youtube.com.
117,gma.yahoo.com.
118,lh3.ggpht.com.
119,fistintheair.com.
120,_ldap._tcp.
121,connect.facebook.net.
122,hackingetico.com.
123,static.xvideos.com.
124,blog.mobango.com.
125,st.chatango.com.
126,marketingdesdelaromana.blogspot.com.
127,www.juegospara.com.
128,toolbarqueries.google.com.
129,chinamoly.com.
130,160.140.6.186.in-addr.arpa.
131,143.133.213.201.in-addr.arpa.
132,different-love.foroactivo.com.
133,data-recovery-free-help.blogspot.com.
134,stores.ebay.es.
135,darkanime.mforos.com.
136,cs.cornell.edu.
137,206.62.154.189.in-addr.arpa.
138,dmse.com.
139,mediacdn.disqus.com.
140,2.200.126.85.in-addr.arpa.
141,cityvillefb0.static.zgncdn.com.
142,laplumadebarro.blogspot.com.
143,www.feelthesteel.biz.
144,84.178.30.190.in-addr.arpa.
145,www.google.com.
146,client66.dropbox.com.
147,t2.gstatic.com.
148,cdn.mediafire.com.
149,urls.api.twitter.com.
150,sanlasar.ru.
151,serialnumber.in.
152,tech-whitepapers.manta.com.
153,tsuki-yaoi.blogspot.com.
154,123mail.cl.
155,imap.gmail.com.
156,58.213.21.89.in-addr.arpa.
157,246.254.24.95.in-addr.arpa.
158,mychemhelena.obolog.com.
159,lbpdmsmsa01.d.r.dfait-maeci.gc.ca.
160,84.235.75.201.in-addr.arpa.
161,lhuhbu.com.
162,www.humorpower.com.
163,a1.sphotos.ak.fbcdn.net.
164,mn.wikipedia.org.
165,eu4.stvid.com.
166,www.difasa.net.
167,www.ct-7ob.com.
168,novp.spb.su.
169,video.xnxx.com.
170,mindspring.net.
171,142.190.65.95.in-addr.arpa.
172,ssl.gstatic.com.
173,www.cinemanow.com.
174,www.nolimitweb.nl.
175,ducs.millsshirley.com.
176,setting3.yeahost.com.
177,www.solo.aqui.creatusfrases.net.
178,static.ak.fbcdn.net.
179,6bf8e:23q.b92o9u1a.
180,butovo.com.
181,host1.dia.net.
182,lg-phones.org.
183,www.birdseye.com.
184,www.inpolitics.ro.
185,abajate.blogspot.com.
186,134.18.23.186.in-addr.arpa.
187,www.blackberry.com.
188,rodina-kino.ru.
189,91.233.90.2.in-addr.arpa.
190,ib.adnxs.com.
191,39.152.29.186.in-addr.arpa.
192,email.com.
193,0.11-270f7081.c120081.1518.195c.3ea0.210.0.rgc396q1h2icmzvnthlvztdn7v.avqs.mcafee.com.
194,_963_91_2.
195,zagsmoscow.ru.
196,37.50.93.200.in-addr.arpa.
197,sport.allyoubet.com.
198,mt1.googleapis.com.
199,l.yimg.com.
200,t7.tagstat.com.
201,books.google.com.mx.
202,ucs.query.yahoo.com.
203,i4.ytimg.com.
204,rylandhomes.com.
205,49.147.220.66.in-addr.arpa.
206,sfdr-cisd.com.
207,9-1.qlty.finarea.ch.
208,goodereader.disqus.com.
209,ch.tudelft.nl.
210,1496354998.mail.outlook.com.
211,landrover.tagworldwide.com.
212,87.197.160.201.in-addr.arpa.
213,s1-excel.vo.msecnd.net.
214,download884.avast.com.
215,www.unrunescape.com.
216,translate.google.com.
217,r._dns-sd._udp.0.1.168.192.in-addr.arpa.
218,www.bigearl.org.
219,www.bridedressup.net.
220,external.ak.fbcdn.net.
221,155.0.14.212.in-addr.arpa.
222,tpc.googlesyndication.com.
223,176.155.145.201.in-addr.arpa.
224,www.soho.com.co.
225,blog.seattlecoffeegear.com.
226,153.151.143.187.in-addr.arpa.
227,noticias.lainformacion.com.
228,166.25.15.187.in-addr.arpa.
229,www.copytrans.jp.
230,www.michell.com.pe.
231,descargararesgratis.disqus.com.
232,redirector.c.youtube.com.
233,photos-f.ak.fbcdn.net.
234,i366.photobucket.com.
235,photos-h.ak.fbcdn.net.
236,api-read.facebook.com.
237,widgets.amung.us.
238,kjtafdhws.com.domain.local.
239,listino.omniauto.it.
240,time.nist.gov.
241,docs.google.com.
242,209.57.228.71.in-addr.arpa.
243,img.mediaplex.com.
244,login.live.com.
245,afrozeprinting.com.
246,youtube-ui.l.google.com.
247,pohmtk.com.
248,57.30.47.189.in-addr.arpa.
249,145.87.17.85.in-addr.arpa.
250,sponsoredcdn.speedbit.com.
251,a1.twimg.com.
252,www.xn--cabaasmazamitla-1qb.com.
253,181.45.24.125.in-addr.arpa.
254,176.17.24.190.in-addr.arpa.
255,idealcalor.com.
256,clients1.google.com.
257,mail.lab.comcor.ru.
258,a355.phobos.apple.com.
259,mail2lucky.com.
260,www.bmag.org.uk.
261,mendozabieninforma.com.ar.
262,www.webtogs.co.uk.
263,el.y8.com.
264,dr._dns-sd._udp.0.1.168.192.in-addr.arpa.
265,a771.da1.akamai.net.
266,zynga2-a.akamaihd.net.
267,dlpiper.com.
268,canadianislamiccongress.com.
269,webmail-ru.bul.net.
270,175.81.81.186.in-addr.arpa.
271,gmaseven.blogspot.com.
272,52.67.250.189.in-addr.arpa.
273,a2.sphotos.ak.fbcdn.net.
274,sp.cwfservice.net.
275,b._dns-sd._udp.0.1.168.192.in-addr.arpa.
276,tijuana-kei.com.
277,versn.ru.
278,142.36.59.200.in-addr.arpa.
279,partted.com.
280,homey.ru.
281,cdn.api.twitter.com.
282,ns3.molehand.eu.
283,foxnews.sl.advertising.com.
284,www.reverbnation.com.
285,i3.ytimg.com.
286,2.1.168.192.in-addr.arpa.
287,www.fotosrarasgratis.com.
288,h-app01-06.hamachi.cc.
289,enblogs.com.
290,g.ceipmsn.com.
291,suggestqueries.google.com.
292,www.nuts.co.uk.
293,db._dns-sd._udp.lan.
294,www.msftncsi.com.
295,rz5oq7:zr.72bo.
296,liduvinacarrera.blogspot.com.
297,cdn4.fmylife.com.
298,encrypted-tbn1.google.com.
299,msnportal.112.2o7.net.
300,need2bfit.com.
301,www.iegallery.com.
302,s2.youtube.com.
303,117.183.127.187.in-addr.arpa.
304,www.sqm.microsoft.com.
305,googlehosted.l.googleusercontent.com.
306,23.200.186.189.in-addr.arpa.
307,kuban-service.ru.
308,www.youtube.com.
309,sn1msg2010640.sn1.gateway.edge.messenger.live.com.
310,view.atdmt.com.
311,c-0.19-210fa081.8020081.1518.19d4.3ea1.410.0.c4b819z5a5p2j1wbcnuecanzp5.avqs.mcafee.com.
312,mail.landbank.com.
313,cuda.csystems.com.
314,mail.kwreferred.com.
315,www.macgeneration.com.
316,www.youngcloseup.com.
317,c0551612.cdn.cloudfiles.rackspacecloud.com.
318,snj-us-bkwp-712-att.kodak.com.home.
319,unijuris.fr.
320,147.149.168.192.in-addr.arpa.
321,_131_85_2.
322,safebrowsing-cache.google.com.
323,xodusgroup.com.
324,download675.avast.com.lan.
325,party-games.zaural.ru.
326,26.1.237.78.in-addr.arpa.
327,_957_43_2.
328,www.winamp.com.
329,217.35.0.10.in-addr.arpa.
330,images03.olx-st.com.
331,236.158.78.190.in-addr.arpa.
332,www.claro.com.pe.
333,photos-g.ak.fbcdn.net.
334,theflatland.com.
335,www.bocareydecopas.com.ar.
336,www.mmaaxx.com.
337,gswebhost.com.
338,r1rk9np7bpcsfoeekl0khkd2juj27q3o-a-fc-opensocial.googleusercontent.com.
339,158.120.16.177.in-addr.arpa.
340,s3.amazonaws.com.
341,slmclaw.com.s6b1.psmtp.com.
342,css.wlxrs.com.
343,ns1.facebook.com.
344,xwt.ru.
345,dinastia-stv.ru.
346,www.gayteacher.net.
347,audio-sv5-t1-1.pandora.com.
348,www.swtorguidehq.com.
349,video01.ifeng.com.
350,petsafe.net.inbound15.mxlogicmx.net.
351,teredo.ipv6.microsoft.com.
352,blog.gypsy05.com.
353,u20.eset.com.
354,sukellushaaja.fi.
355,cdn-5.moviebox.com.
356,196.103.232.189.in-addr.arpa.
357,74.115.44.83.in-addr.arpa.
358,sr.wikipedia.org.
359,cs10.chatropolis.com.
360,mx.games.yahoo.com.
361,www.roperscientific.com.
362,dwmailgate.delwestusa.com.
363,gfx4.hotmail.com.
364,www.itxchaos.co.uk.
365,132.176.56.92.in-addr.arpa.
366,es.safely.yahoo.com.
367,safebrowsing.clients.google.com.
368,b-0.19-22094008.61081.1518.19d4.3ea1.410.0.cfqf8cl1gw829ff7ctuvqcsszi.avqs.mcafee.com.
369,236.174.85.200.in-addr.arpa.
370,151.220.11.67.in-addr.arpa.
371,res2.windows.microsoft.com.
372,207.56.65.217.in-addr.arpa.
373,pattygopez-mileycyrusprettycool.buzznet.com.
374,pixel.facebook.com.
375,a-0.19-a309d000.2170092.1518.19d4.3ea1.210.0.mjcu9aaeb23cpducliwh1wip8j.avqs.mcafee.com.
376,www.blinklist.com.
377,www.laughenough.com.
378,fugigreenwood.com.
379,images.amazon.com.
380,202.1.0.192.in-addr.arpa.
381,www.desmotivaciones.es.
382,mmrrg.com.s8b1.psmtp.com.
383,proinfo.pandasoftware.com.
384,ns.dipmap.com.
385,stats.norton.com.
386,www.grupotelfor.com.
387,static.ak.connect.facebook.com.
388,fxfeeds.mozilla.com.
389,remote.infopark.ru.
390,fbcdn-profile-a.akamaihd.net.
391,gbnet.com.
392,www.theamazingspiderman.com.
393,136.179.71.74.in-addr.arpa.
394,a-0.19-a3007008.10092.1518.19d4.3ea1.410.0.31jpecqc8hl6humr2z82g26p46.avqs.mcafee.com.
395,apis.google.com.
396,www.gameark.com.
397,109.240.97.186.in-addr.arpa.
398,tracking.usage.app.conduit-services.com.
399,mail.samara.alice.ru.
400,a3.twimg.com.
401,www3.geosc.psu.edu.
402,playerservices.streamtheworld.com.
403,www.fb.com.
404,244.173.172.190.in-addr.arpa.
405,534-async.olark.com.
406,bstrlo51u.71zv.
407,babich.spb.ru.
408,ingameads.gameloft.com.
409,ein.gtkg.net.
410,kotonoha.monkey-pirate.com.
411,mail.marstu.net.
412,moricoli.com.mx4.mxtoolbox.com.
413,6.136.192.190.in-addr.arpa.
414,163.123.114.186.in-addr.arpa.
415,hitext.ru.
416,213.9.122.190.in-addr.arpa.
417,www.volviendoalabiblia.com.mx.
418,d1.media.v4.skyrock.net.
419,quality.ru.
420,maria-truecolours.blogspot.com.
421,www.japonesasgratis.com.ar.
422,_654_58_5.
423,csc.beap.ad.yieldmanager.net.
424,127.222.42.186.in-addr.arpa.
425,lb._dns-sd._udp.lan.
426,.
427,www.gaymovieking.com.
428,xrjwye.com.
429,ns2.webland.ch.
430,20.48.25.190.in-addr.arpa.
431,de.answers.yahoo.com.
432,quitarverrugasylunares.net.
433,ytogmowi9.64ke.
434,0-jj-w.channel.facebook.com.
435,e24.tns-cs.net.
436,grincheux.irislink.com.
437,3d3nynsfk.h79x8v5n.
438,maps.gstatic.com.
439,assets.gamersunite.com.
440,completemortgageservice.com.
441,109.79.167.189.in-addr.arpa.
442,es.wikipedia.org.
443,www.oxygenez-vous.com.
444,row.bc.yahoo.com.
445,102.16.158.189.in-addr.arpa.
446,www.elamalta.com.
447,co.catawba.nc.us.
448,amorvida.bligoo.com.
449,locia.omega.mplik.ru.
450,79.18.158.187.in-addr.arpa.
451,fitnessatlantic.com.
452,a5.sphotos.ak.fbcdn.net.
453,gemmhomes.com.
454,52.90.44.190.in-addr.arpa.
455,dictionary.lunaescence.com.
456,accounts.google.com.
457,a8.sphotos.ak.fbcdn.net.
458,2acyxlnqn.73ih.
459,246.122.128.189.in-addr.arpa.
460,www.limited-uk.de.
461,343cyb7n5.87sv.
462,wyikyf.com.
463,secure.shared.live.com.edgekey.net.
464,time.chttl.com.tw.
465,db._dns-sd._udp.0.1.168.192.in-addr.arpa.
466,trueslant.com.
467,data.mobclix.com.
468,xvideos-390.vo.llnwd.net.
469,www.blogger.com.
470,www.kaskus.com.
471,auth.np.ac.playstation.net.
472,decentral-0.vo.llnwd.net.
473,mail.sura.ru.
474,lvpei.org.
475,kccinter.net.
476,wirelessplanetusa.com.
477,s4.histats.com.
478,119.216.63.189.in-addr.arpa.
479,cablevision.com.ar.
480,www.laurelcatering.com.
481,barracuda.acgmedia.com.
482,www.mercerbears.com.
483,171.48.52.186.in-addr.arpa.
484,thepinoy.com.
485,login.yahoo.com.
486,support.ins.dell.com.
487,1.bp.blogspot.com.
488,mailin11mx.groovy.gr.
489,www.kitco.com.
490,chicaskm.com.
491,engine.influads.com.
492,cgibin.erols.com.
493,98.178.244.190.in-addr.arpa.
494,kapel-la.ru.
495,www.ftalk.com.
496,curryandco.com.
497,106.48.179.190.in-addr.arpa.
498,iesealarcos.es.
499,adserving.cpxinteractive.com.
500,1.0.0.127.dnsbugtest.1.0.0.127.in-addr.arpa.
501,www.gastrox.com.
502,68.146.52.201.in-addr.arpa.
503,r._dns-sd._udp.lan.
504,mail.parishepiscopal.org.
505,pcstudents.us.
506,c.atdmt.com.
507,mail.tp.kurgan.ru.
508,wd-edge.sharethis.com.
509,s3pr.shoptowin.net.
510,ugc.ducati.kontain.com.
511,optimized-by.rubiconproject.com.
512,www.ebay.es.
513,thumbs1.ebaystatic.com.
514,213.217.245.189.in-addr.arpa.
515,www.samsungpresenter.com.
516,www.bancomer.com.
517,ingeterra.espacioblog.com.
518,147.29.26.201.in-addr.arpa.
519,133.16.168.192.in-addr.arpa.
520,p01-calendarws.icloud.com.
521,adserver.adtech.de.
522,216.125.76.190.in-addr.arpa.
523,elrellano.co.
524,a1108.da1.akamai.net.
525,www.bravotube.co.
526,mve8kjmk9.94qi.
527,toyota-tsusho.com.
528,magaltc.com.inbound15.mxlogic.net.
529,hotmail.com.
530,metrics.el-mundo.net.
531,waldan.com.
532,144.187.132.189.in-addr.arpa.
533,www.hasrawy.net.
534,www.mapp-oea.net.
535,bluehillfarm.com.
536,fr-fr.facebook.com.
537,rehbaum.net.
538,www.rdanielstudios.com.
539,200.32.94.189.in-addr.arpa.
540,sites.google.com.
541,58.200.65.190.in-addr.arpa.
542,voipa.sip.yahoo.com.
543,tag.admeld.com.
544,d2n8p8eh14pae1.cloudfront.net.
545,db._dns-sd._udp.0.129.37.10.in-addr.arpa.
546,252.92.80.98.in-addr.arpa.
547,download.windowsupdate.com.
548,77.44.112.114.in-addr.arpa.
549,s-static.ak.facebook.com.
550,8.131.23.217.in-addr.arpa.
551,foothealth.about.com.
552,123.71.52.186.in-addr.arpa.
553,246.242.62.190.in-addr.arpa.
554,www.cityvox.co.uk.
555,preventionnetwork.info.
556,links4media.blogspot.com.
557,78.71.181.186.in-addr.arpa.
558,www.mayadstudios.com.
559,mail.slam.com.
560,crl.comodoca.com.
561,search.conduit.com.
562,museotextildeoaxaca.wordpress.com.
563,www.iglesialatina.org.
564,7.52.100.190.in-addr.arpa.
565,feeds.bbci.co.uk.
566,www.alz.org.
567,es.landing.playnik.com.
568,192.207.15.187.in-addr.arpa.
569,mx1.educom.ru.
570,www2.winavi.com.
571,89.237.69.190.in-addr.arpa.
572,18.232.69.186.in-addr.arpa.
573,ph.answers.yahoo.com.
574,_177_16_3.
575,www.telegraph.co.uk.
576,www.yswhosting.com.
577,www.metodologiamad.cl.
578,westerntraffic.com.
579,dalisigloxx.wordpress.com.
580,view.asiae.co.kr.
581,co.nacogdoches.tx.us.s9b2.psmtp.com.
582,www.amazon.com.
583,hillevans.com.s7b2.psmtp.com.
584,historiasextraordinarias.files.wordpress.com.
585,bsf.smowtion.com.
586,24.media.tumblr.com.
587,chsi.ru.
588,111.32.171.201.in-addr.arpa.
589,updatekeepalive.mcafee.com.
590,iu1l8ddxm.57kv.
591,download797.avast.com.
592,searchqutoolbar.imesh.wizard.applicationstat.com.
593,a4.da1.akamai.net.
594,xf_com_update_doctor.qq.com.
595,ads2.msads.net.
596,shwaish.com.
597,9q2xe4p38.78hv.
598,es-la.facebook.com.
599,isearch.avg.com.
600,141.134.233.190.in-addr.arpa.
601,636f6c.7374623030.732d6d736e.636f6d.80h413650e6.webcfs00.com.
602,a-0.19-309f081.8000033.1518.19d4.2f1c.10.0.bzi1cbn28dc16k8idwcb7lck5t.avqs.mcafee.com.
603,pagead2.googlesyndication.com.
604,sn18.mailshell.net.
605,s42.undefined.home.
606,ajax.googleapis.com.
607,prog-net.com.
608,pharmfab.com.
609,80.171.246.85.in-addr.arpa.
610,66.26.211.81.in-addr.arpa.
611,id.google.com.mx.
612,www.sexomax.net.
613,srx.main.ebayrtm.com.
614,mangacan1.ucoz.com.
615,dalek.softonic.com.
616,lpadvisors.com.
617,content.yieldmanager.edgesuite.net.
618,ar-ar.facebook.com.
619,img704.imageshack.us.
620,123.36.93.200.in-addr.arpa.
621,tv.hir24.hu.
622,www.livesicilia.it.
623,_357_99_0.
624,12.176.15.186.in-addr.arpa.
625,191.164.138.190.in-addr.arpa.
626,strappadometalblog.blogspot.com.
627,7.169.185.187.in-addr.arpa.
628,www.kids-pages.com.
629,www.utj.edu.mx.
630,seychellegabrielfan.com.
631,ad.yieldmanager.com.
632,hosting.lockhosts.com.
633,mvzmil.ru.
634,al-nabaa.net.
635,www.struat.com.
636,www.mslitigationreview.com.
637,wg6jw1g4r.p41z2x6m.
638,ja.wikipedia.org.
639,ocsp.entrust.net.
640,www.aa.com.
641,www.sara-freder.com.
642,v1.sftcdn.net.
643,www.psp.wa.gov.
644,2040.ecarlist.com.
645,8.232.143.175.in-addr.arpa.
646,facebookcheating.com.
647,incanto.ru.
648,livingair-74.ru.
649,time.windows.com.
650,244.107.226.190.in-addr.arpa.
651,aaugonline.net.
652,family-home.ru.
653,vel-com.ru.
654,go.microsoft.com.
655,imagenes-estaticas.elmercadona.es.
656,22.214.21.190.in-addr.arpa.
657,deporteyautismo.blogspot.com.
658,www.ed9101d8.com.
659,www.unonoticias.com.mx.
660,mail.gmail.com.
661,loading3.widdit.com.
662,199.68.0.187.in-addr.arpa.
663,elcorillord.org.
664,itunes.com.
665,mail.globalinetbiz.net.
666,ads.bluelithium.com.
667,under-your-skin.com.
668,7myjx2fjl.a36n3c9y.
669,www.forosdelweb.com.
670,polldaddy.com.
671,doc.mbalib.com.
672,i67.servimg.com.
673,mesadtvm.com.br.
674,nflsoup.com.
675,checkip.dyndns.org.
676,photos-b.ak.fbcdn.net.
677,www.frbsf.org.
678,6ige7n4r7.w18s0b7x.
679,de.tynt.com.
680,boitaullresort.es.
681,95.146.220.66.in-addr.arpa.
682,mx.groups.yahoo.com.
683,www.providencenightlife.net.
684,video.google.com.mx.
685,15.26.254.190.in-addr.arpa.
686,prod1.rest-notify.msg.yahoo.com.
687,83.85.182.189.in-addr.arpa.
688,pwi-forum.fr.perfectworld.eu.
689,yahoo.com.sg.
690,hbflarch.com.
691,odnoklassniki.com.
692,forum.fiance.com.
693,skateboard-trick-tips.com.
694,static.punishtube.com.
695,img846.imageshack.us.
696,x3w.zapto.org.
697,wilsonco.com.
698,www.yahoo.com.
699,gdjf.com.
700,filter.radersolutions.com.
701,mailgate.cabair.com.
702,hotrodgrills.com.
703,www.crazy-tattoo-designs.com.
704,specialtycakecreations.com.
705,169.235.141.201.in-addr.arpa.
706,clock.fmt.he.net.
707,lh4.ggpht.com.
708,ratings-wrs.symantec.com.
709,ycmt-cdn.s3.amazonaws.com.
710,dc378.4shared.com.
711,real.theoffside.com.
712,qetytug.com.
713,wpad.
714,shop.safewalls.org.
715,pics.ebaystatic.com.
716,googleads.g.doubleclick.net.
717,shoujo-s.livejournal.com.
718,104.76.51.190.in-addr.arpa.
719,31.190.63.69.in-addr.arpa.
720,efrtz24jq.p51y3m4p.
721,97.7.18.99.in-addr.arpa.
722,realtyexecutivesjulian.com.
723,content.ak.metrogames.com.
724,a1052.g.akamai.net.
725,onlineaccess.mycreditcard.cc.
726,www.shemaletushy.com.
727,trexrb.ru.
728,106.108.102.189.in-addr.arpa.
729,ads.adk2.com.
730,bogotaku.mejorforo.net.
731,b47nb2tdo.87dv.
732,www.lesbilicious.co.uk.
733,axiome.info.
734,gmail.com.
735,d18txuuu339yuz.cloudfront.net.
736,152.49.50.174.in-addr.arpa.
737,59.240.57.83.in-addr.arpa.
738,mozilla.cdn.leaseweb.com.
739,c-ak.static-rootmusic.com.
740,beauty-women.ru.
741,102.87.142.79.in-addr.arpa.
742,136.253.77.190.in-addr.arpa.
743,feeds.delicious.com.
744,www.imdb.com.
745,young-topmodels.info.
746,binatel.ru.
747,105.89.210.98.in-addr.arpa.
748,se.magadan.su.
749,www.natuzzi.com.
750,133.191.58.189.in-addr.arpa.
751,creativecommons.org.
752,outcampmail006.snc7.facebook.com.
753,1f7yqor1v.j89b6t2o.
754,video.mx.msn.com.
755,www.keaneshaped.
756,gtaonline.com.ar.
757,www.adobe.com.
758,cn1.redswoosh.akadns.net.
759,gamerandroide.blogspot.com.
760,wolseley.at.
761,41.197.46.201.in-addr.arpa.
762,www.scrapbook.com.
763,www.lancommand.co.uk.
764,86.59.250.111.in-addr.arpa.
765,214.162.73.190.in-addr.arpa.
766,a4.mzstatic.com.
767,uccebszps.biz.
768,159.183.58.99.in-addr.arpa.
769,203.1.108.99.in-addr.arpa.
770,30.205.201.108.in-addr.arpa.
771,160.68.90.186.in-addr.arpa.
772,carpet-rug.com.
773,www.hctc.com.
774,nts-0nline.net.
775,www.taxmann.com.
776,www.copine-coquine.com.
777,lagunasecagolf.com.
778,a3.sphotos.ak.fbcdn.net.
779,tools.google.com.
780,dr._dns-sd._udp.0.55.211.10.in-addr.arpa.
781,mmoga.de.
782,165.179.254.201.in-addr.arpa.
783,jjszo4ss1.72wq.
784,154.4.26.190.in-addr.arpa.
785,lh6.googleusercontent.com.
786,www.update.microsoft.com.
787,243.251.209.112.in-addr.arpa.
788,fileshare704.depositfiles.com.
789,www.gstatic.com.
790,i1fxw5q2d.83pc.
791,i.ytimg.com.
792,profil-furnitura.ru.
793,hidheadlightconversion.com.
794,e461.b.akamaiedge.net.
795,weichertacclaim.com.
796,www.google.com.mx.
797,soundcloud.com.
798,realtyplacement.com.
799,mx4.future.net.uk.
800,234.77.153.187.in-addr.arpa.
801,mobilesources.net.
802,_951_93_2.
803,cdn.joomla.org.
804,tracker.ilibr.org.
805,iq7:vctbr.55ni.
806,lasd.org.
807,tour-foto.ru.
808,3636.313735.313233.313032.80h42af7b66.webcfs00.com.
809,www.escortvipbayan.com.
810,video327.myfreecams.com.
811,godleyfarms.com.
812,liveupdate.symantecliveupdate.com.
813,195.122.209.77.in-addr.arpa.
814,smtp2.halfen.com.
815,javadl-esd.sun.com.
816,chernobrovin.ru.
817,sertel2k.vtrbandaancha.net.
818,www.googleadservices.com.
819,www.thethreadexchange.com.
820,twitter.com.
821,www.123rf.com.
822,www.google-analytics.com.
823,www.pallcare.asn.au.
824,billing.sharo4ka.ru.
825,gkudqnwrt.12mv.
826,www.bestlaidschemes.com.
827,47.46.155.85.in-addr.arpa.
828,d2105651.xoom.it.
829,msc.wlxrs.com.
830,fb-520.com.
831,oluvwjgph.96zi.
832,cdn.stumble-upon.com.
833,ad.doubleclick.net.
834,musicjacker.com.
835,fishinggonewild.com.
836,alerts.conduit-services.com.
837,yo.wikipedia.org.
838,188.8.32.201.in-addr.arpa.
839,vp.sip.messenger.msn.com.
840,facebook.com.
841,40.111.105.190.in-addr.arpa.
842,www.manhunt.net.
843,www.freexxxdot.com.
844,carwale.com.
845,mail.laserlightengines.com.
846,um16.eset.com.
847,miscritscdn.brokenbulbstudios.com.
848,plus.google.com.
849,denver.bbb.org.
850,www.fulltono.com.
851,www.hqudc.org.
852,mailserver2.techint.it.
853,hqwhtk8k:.89ii.
854,lwt.com.
855,248.12.4.189.in-addr.arpa.
856,www.takethewalk.net.
857,www.whatsapp.com.
858,spaces.live.com.
859,b._dns-sd._udp.0.81.168.192.in-addr.arpa.
860,142.41.241.201.in-addr.arpa.
861,www.chilincasita.blogspot.com.
862,ns2.dnspod.net.
863,www.udec.com.mx.
864,www.parkinggames365.com.
865,cnfg.facemoods.com.
866,www.speakersblog.info.
867,0.gravatar.com.
868,mscca.mscgva.ch.
869,237.151.178.186.in-addr.arpa.
870,10.212.1.201.in-addr.arpa.
871,lwsa.mlb.com.
872,sunvestusa.com.
873,www.amateurs-videos.net.
874,micros.co.za.
875,a1005.w42.akamai.net.
876,i.t-mobile-favourites.net.
877,www.tagged.com.
878,getsu.zapto.org.
879,sevelina.ru.
880,www.appsmitten.com.
881,msn.foxsports.com.
882,c5.zedo.com.
883,177.164.77.190.in-addr.arpa.
884,fiorellabotteri.blogspot.com.
885,ns.smartec.ru.
886,www.brucelipton.com.
887,89.244.107.190.in-addr.arpa.
888,r.openx.net.
889,mail.n-u-c.ru.
890,6.246.26.190.in-addr.arpa.
891,www.hojadeosaschool.org.
892,94.70.41.189.in-addr.arpa.
893,omniproductions.com.
894,isatap.wag160n.
895,28.161.168.192.in-addr.arpa.
896,226.19.23.187.in-addr.arpa.
897,vitamind3info.blogspot.com.
898,rotorrentmania.lx.ro.
899,vincotte.be.
900,static.ak.facebook.com.
901,is.mixmarket.biz.
902,a947.phobos.apple.com.
903,www.acer-euro.com.
904,pixer.meaningtool.com.
905,dvdcovers.vidz.com.
906,mcneal.com.s7b2.psmtp.com.
907,b.static.ak.fbcdn.net.
908,mail.hmconsultores.pt.
909,moorcroftcs.co.uk.
910,www.osvdailytake.com.
911,motoxtreme.ru.
912,reporter.es.msn.com.
913,nationalstrategy.com.
914,ci.national-city.ca.us.inbound15.mxlogic.net.
915,74.241.123.188.in-addr.arpa.
916,www.advocateclassic.com.
917,117.254.214.81.in-addr.arpa.
918,bfjoy.com.s5a1.psmtp.com.
919,dr._dns-sd._udp.0.11.168.192.in-addr.arpa.
920,smtp.dnsexit.com.
921,free-es-cf.softonic.com.
922,20.122.66.190.in-addr.arpa.
923,www.steam-sauna-benefits.com.
924,www.brad.ac.uk.
925,128.105.109.186.in-addr.arpa.
926,cdn2.widdit.com.
927,www.bywifi.com.
928,blog.vampirethemasquerade.com.
929,x9tfj3pby.60kv.
930,js2.wlxrs.com.
931,cs10398.vk.com.
932,www.jenniferrizzo.com.
933,www.slstoredisplays.com.
934,cs10663.vk.com.
935,71.86.252.189.in-addr.arpa.
936,www.medellinmiempresa.com.
937,www.naturalmiscarriage.org.
938,www.acmoc.org.
939,b._dns-sd._udp.6.0.8.10.in-addr.arpa.
940,_394_90_5.
941,andiamo-tel.com.
942,a1132.da1.akamai.net.
943,150.246.198.190.in-addr.arpa.
944,www.adserver.bz.
945,lbjclinic.com.
946,platform.ak.fbcdn.net.
947,124.59.155.187.in-addr.arpa.
948,130.171.158.187.in-addr.arpa.
949,ubs.ch.
950,jayse.us.
951,user.easycam.hk.
952,172.153.42.186.in-addr.arpa.
953,feedburner.google.com.
954,dnl-01.geo.kaspersky.com.
955,islamentrehermanas.forumactif.com.
956,instagram.com.
957,www.alessibici.com.
958,www.cuantarazon.com.
959,98.184.190.58.in-addr.arpa.
960,oakland.athletics.mlb.com.
961,groups.live.com.
962,share.lockerz.com.
963,www.ghostrecon.es.
964,o-o.preferred.ord08s03.v10.lscache8.c.youtube.com.
965,margalates.wordpress.com.
966,ffin.com.
967,mx.septen.com.
968,wilsontechnologies.net.inbound15.mxlogicmx.net.
969,www.lasrecetasdetriana.com.
970,plusone.google.com.
971,mail04.hgc.ch.
972,adbucks.brandreachsys.com.
973,150.155.13.201.in-addr.arpa.
974,mail.gsdllc.com.
975,academiavascadegastronomia.com.
976,227.25.243.168.in-addr.arpa.
977,www.camzap.com.
978,87.17.41.177.in-addr.arpa.
979,upload.xvideos.com.
980,cmgp.ru.
981,leica-geosystems.com.s201b2.psmtp.com.
982,60.224.38.187.in-addr.arpa.
983,smokeinmycloset.blogspot.com.
984,www.emailapple.com.
985,galleries.nascar.com.
986,desdemimejana.blogspot.com.
987,194.102.173.189.in-addr.arpa.
988,:2o9depq3.l11o7j1x.
989,etzion.org.il.
990,mail.google.com.
991,mail.hardingmarketing.com.
992,174.192.172.71.in-addr.arpa.
993,ksn1-12-part2.kaspersky-labs.com.
994,egoadmins.com.
995,o2mhaafyl.39hk.
996,liceopaillaco.bligoo.cl.
997,www3.discovirtual.com.ar.
998,179.35.166.81.in-addr.arpa.
999,cdn.lfstmedia.com.
